position,original_nucleotide,mutation_nucleotide,original_id,mutation_id
8782,C,T,0,NODE_0000004
28144,T,C,0,NODE_0000004
28144,T,C,NODE_0000217,SouthKorea/KUMC01/2020
27618,T,C,NODE_0000004,China/Shanghai/SH0075
27618,T,C,Switzerland/1000477757/2020_travel_history,Switzerland/1000477757/2020
28706,C,T,NODE_0000004,China/Shanghai/SH0075
4655,C,T,NODE_0000004,China/Shanghai/SH0030
4655,C,T,NODE_0000509,NODE_0000521
9890,G,T,NODE_0000004,China/Shanghai/SH0030
20527,G,T,NODE_0000004,China/Shanghai/SH0030
20527,G,T,Canada/BC_69243/2020_travel_history,Canada/BC_69243/2020
3175,A,G,NODE_0000004,Tianmen/HBCDC-HB-07/2020
3179,G,A,NODE_0000004,Tianmen/HBCDC-HB-07/2020
14422,C,T,NODE_0000004,Tianmen/HBCDC-HB-07/2020
14585,C,T,NODE_0000004,Tianmen/HBCDC-HB-07/2020
23405,G,C,NODE_0000004,Tianmen/HBCDC-HB-07/2020
28315,C,T,NODE_0000004,Tianmen/HBCDC-HB-07/2020
3719,G,T,NODE_0000004,China/Shanghai/SH0034
25904,C,T,NODE_0000004,China/Shanghai/SH0034
28208,T,C,NODE_0000004,China/Shanghai/SH0034
5657,G,A,NODE_0000004,Wuhan/HBCDC-HB-06/2020
23403,A,G,NODE_0000004,Wuhan/HBCDC-HB-06/2020
23403,A,G,NODE_0000203,NODE_0000241
25725,A,G,NODE_0000004,Wuhan/HBCDC-HB-06/2020
3176,C,T,NODE_0000004,China/Shanghai/SH0010
21855,C,T,NODE_0000004,China/Shanghai/SH0010
12141,C,A,NODE_0000004,Wuhan/HBCDC-HB-02/2020
23816,C,T,NODE_0000004,Wuhan/HBCDC-HB-02/2020
18996,T,C,NODE_0000004,Wuhan/HBCDC-HB-04/2020
24370,C,T,NODE_0000004,Wuhan/HBCDC-HB-04/2020
24370,C,T,NODE_0000203,China/Shanghai/SH0007
29029,T,C,NODE_0000004,Wuhan/HBCDC-HB-04/2020
6501,C,T,NODE_0000004,NODE_0000143
1691,A,G,India/1-31/2020_travel_history,India/1-31/2020
1691,A,G,NODE_0000203,Guangdong/2020XN4373-P0039/2020
16877,C,T,India/1-31/2020_travel_history,India/1-31/2020
24351,C,T,India/1-31/2020_travel_history,India/1-31/2020
17470,C,T,NODE_0000004,NODE_0000146
18907,G,T,NODE_0000004,NODE_0000146
26088,C,T,NODE_0000004,NODE_0000146
28580,G,T,NODE_0000004,NODE_0000146
207,C,T,NODE_0000004,NODE_0000167
946,T,C,NODE_0000004,NODE_0000167
6363,C,T,NODE_0000004,NODE_0000167
11430,A,G,NODE_0000004,NODE_0000167
18488,T,C,NODE_0000004,NODE_0000188
23605,T,G,NODE_0000004,NODE_0000188
29596,A,G,England/02/2020_travel_history,England/02/2020
8767,T,C,NODE_0000004,NODE_0000198
29593,G,A,NODE_0000004,NODE_0000198
1740,A,C,NODE_0000198,SouthKorea/KCDC05/2020
17104,C,T,NODE_0000198,SouthKorea/KCDC05/2020
26167,G,T,NODE_0000198,SouthKorea/KCDC05/2020
11083,G,T,NODE_0000004,NODE_0000001
11083,G,T,NODE_0000246,NODE_0000279
11083,G,T,Brazil/SPBR-12/2020_travel_history,Brazil/SPBR-12/2020
11083,G,T,NODE_0000438,Switzerland/SZ1417/2020
11083,G,T,NODE_0000480,NODE_0000732
11083,T,G,NODE_0000813,Brazil/SPBR-10/2020
6503,G,A,NODE_0000001,China/Shanghai/SH0100
20604,A,G,NODE_0000001,China/Shanghai/SH0100
24416,G,T,NODE_0000001,China/Shanghai/SH0100
27671,T,A,NODE_0000001,China/Shanghai/SH0100
3086,T,C,NODE_0000001,NODE_0000000
17122,G,A,NODE_0000001,NODE_0000000
17122,G,T,NODE_0000623,China/Shanghai/SH0085
2189,C,T,NODE_0000000,Anhui/SZ005/2020
5094,A,G,NODE_0000000,Anhui/SZ005/2020
16049,C,T,NODE_0000000,Anhui/SZ005/2020
6255,C,T,NODE_0000000,SouthKorea/KCDC24/2020
6255,C,T,NODE_0000128,Netherlands/Utrecht_16/2020
6255,C,T,NODE_0000362,Netherlands/NA/20/2020
6255,C,T,NODE_0000526,Netherlands/NA/24/2020
6255,C,T,NODE_0000687,Netherlands/NA/19/2020
6255,C,T,NODE_0000529,NODE_0000564
29095,C,T,USA/AZ1/2020_travel_history,USA/AZ1/2020
29095,C,T,NODE_0000004,NODE_0000005
3171,T,C,NODE_0000004,NODE_0000147
29817,T,A,NODE_0000147,Shandong/LY005/2020
29819,A,T,NODE_0000147,Shandong/LY005/2020
19959,A,G,NODE_0000147,Shandong/LY003/2020
28635,T,A,NODE_0000147,Shandong/LY003/2020
9477,T,A,NODE_0000004,NODE_0000155
4550,A,G,NODE_0000155,China/Shanghai/SH0069
14805,C,T,NODE_0000155,NODE_0000156
14805,C,T,NODE_0000235,Netherlands/NoordBrabant_5/2020
14805,C,T,NODE_0000789,NODE_0000796
25979,G,T,NODE_0000155,NODE_0000156
28657,C,T,NODE_0000155,NODE_0000156
28863,C,T,NODE_0000155,NODE_0000156
25553,C,T,NODE_0000156,France/GE1583/2020
10523,G,A,NODE_0000156,Netherlands/NoordBrabant_46/2020
18662,G,T,NODE_0000156,Netherlands/NoordBrabant_46/2020
25273,G,C,NODE_0000156,Netherlands/NoordBrabant_46/2020
24381,C,T,NODE_0000156,Spain/Valencia2/2020
24381,C,T,NODE_0000748,NODE_0000756
4402,T,C,NODE_0000004,NODE_0000168
4402,T,C,NODE_0000217,SouthKorea/KUMC01/2020
5062,G,T,NODE_0000004,NODE_0000168
5062,G,T,NODE_0000217,SouthKorea/KUMC01/2020
29301,A,T,NODE_0000168,Beijing/233/2020
1779,C,T,NODE_0000168,SouthKorea/KCDC07/2020
15017,C,T,NODE_0000168,SouthKorea/KCDC07/2020
24034,C,T,NODE_0000004,NODE_0000028
24034,C,T,USA/MA1/2020_travel_history,USA/MA1/2020
24034,C,T,Nepal/61/2020_travel_history,Nepal/61/2020
26729,T,C,NODE_0000004,NODE_0000028
28077,G,C,NODE_0000004,NODE_0000028
490,T,A,USA/IL2/2020_travel_history,USA/IL2/2020
3177,C,T,USA/IL2/2020_travel_history,USA/IL2/2020
149,G,A,NODE_0000028,China/Shanghai/SH0017
22638,G,A,NODE_0000028,China/Shanghai/SH0017
28849,C,T,NODE_0000028,China/Shanghai/SH0017
28849,C,T,NODE_0000212,Singapore/7/2020
1548,G,A,USA/CA1/2020_travel_history,USA/CA1/2020
28792,A,T,USA/CA1/2020_travel_history,USA/CA1/2020
19190,T,A,NODE_0000028,Sichuan/IVDC-SC-001/2020
1663,C,T,NODE_0000028,HongKong/VM20001061/2020
22661,G,T,NODE_0000028,HongKong/VM20001061/2020
22661,G,T,NODE_0000213,NODE_0000222
711,T,C,NODE_0000033,Guangdong/GZ-S6-P0050/2020
3221,C,A,NODE_0000033,Guangdong/GZ-S6-P0050/2020
21711,C,T,NODE_0000033,Guangdong/GZ-S6-P0050/2020
21711,C,T,NODE_0000068,NODE_0000192
21711,C,T,NODE_0000732,Guangdong/FS-S48-P0047/2020
21711,C,T,NODE_0000733,Guangdong/DG-S41-P0056/2020
21711,C,T,NODE_0000367,NODE_0000641
1566,A,C,NODE_0000034,China/Shanghai/SH0128
28878,G,A,NODE_0000004,NODE_0000125
29742,G,A,NODE_0000004,NODE_0000125
29742,G,T,NODE_0000732,NODE_0000733
24990,C,T,NODE_0000125,Australia/QLD02/2020
25587,C,T,NODE_0000125,Australia/QLD02/2020
22014,G,C,NODE_0000125,China/Shanghai/SH0035
28960,G,A,NODE_0000125,China/Shanghai/SH0035
9370,T,G,NODE_0000051,China/Shanghai/SH0117
18603,T,C,NODE_0000051,Australia/QLD03/2020
18603,T,C,USA/TX1/2020_travel_history,USA/TX1/2020
10038,C,T,NODE_0000042,Australia/VIC07/2020
16381,G,A,NODE_0000042,NODE_0000128
285,G,T,NODE_0000005,China/Shanghai/SH0059
23986,T,C,NODE_0000005,China/Shanghai/SH0059
25947,G,T,NODE_0000005,China/Shanghai/SH0059
9561,C,T,NODE_0000005,Shenzhen/HKU-SZ-005/2020
15607,T,C,NODE_0000005,Shenzhen/HKU-SZ-005/2020
18975,T,A,USA/TX1/2020_travel_history,USA/TX1/2020
19175,A,C,USA/TX1/2020_travel_history,USA/TX1/2020
27925,C,T,USA/TX1/2020_travel_history,USA/TX1/2020
10789,C,T,NODE_0000005,Guangdong/SZ-N128-P0057/2020
10789,C,T,NODE_0000733,Shandong/IVDC-SD-001/2020
13945,C,T,NODE_0000005,Guangdong/SZ-N128-P0057/2020
14786,C,T,NODE_0000005,Guangdong/SZ-N128-P0057/2020
15602,G,A,NODE_0000005,Guangdong/SZ-N128-P0057/2020
26447,C,G,NODE_0000005,NODE_0000019
26447,C,T,NODE_0000748,Australia/VIC04/2020
28250,T,G,NODE_0000005,NODE_0000019
2662,C,T,NODE_0000005,NODE_0000021
3792,C,T,NODE_0000021,Japan/TY-WK-012/2020
29705,G,T,NODE_0000021,Japan/TY-WK-521/2020
23347,C,T,NODE_0000058,China/Shanghai/SH0004
240,T,C,NODE_0000059,Guangdong/2020XN4276-P0037/2020
23900,G,C,NODE_0000060,Germany/BavPat3/2020
15480,C,T,NODE_0000064,China/Shanghai/SH0021
25767,G,T,NODE_0000064,China/Shanghai/SH0021
24011,T,C,NODE_0000064,Singapore/12/2020
25568,C,A,NODE_0000064,Singapore/12/2020
29741,C,T,NODE_0000064,Singapore/12/2020
9013,T,A,NODE_0000067,Guangdong/GD2020233-P0027/2020
16156,A,G,NODE_0000067,Guangdong/GD2020233-P0027/2020
17372,C,T,NODE_0000067,China/Shanghai/SH0009
17723,T,C,NODE_0000068,Singapore/13/2020
28868,C,T,NODE_0000068,Singapore/13/2020
16407,C,A,NODE_0000192,Guangdong/ZS-S6-P0060/2020
18060,C,T,NODE_0000192,Guangdong/FS-S30-P0052/2020
18060,C,T,NODE_0000004,NODE_0000039
18060,C,T,NODE_0000234,USA/UPHL-01/2020
24382,C,T,NODE_0000192,Guangdong/FS-S30-P0052/2020
24382,C,T,NODE_0000375,Belgium/BA-02291/2020
289,C,T,NODE_0000071,China/Shanghai/SH0115
1342,C,T,NODE_0000039,Chongqing/YC01/2020
29200,C,T,NODE_0000039,Chongqing/YC01/2020
865,C,T,NODE_0000039,NODE_0000043
13694,C,T,NODE_0000039,NODE_0000043
13694,C,T,NODE_0000356,Guangdong/DG-S2-P0054/2020
17747,C,T,NODE_0000092,NODE_0000044
17747,T,C,NODE_0000077,NODE_0000078
17858,A,G,NODE_0000092,NODE_0000044
4754,C,T,NODE_0000044,USA/WA-UW62/2020
8602,G,A,NODE_0000044,USA/WA-UW62/2020
26152,G,A,NODE_0000044,USA/WA-UW62/2020
5184,C,T,NODE_0000044,USA/CA-CDPH-UC1/2020
29253,C,T,NODE_0000044,USA/CA-CDPH-UC1/2020
1419,C,T,NODE_0000044,USA/WA-UW47/2020
14126,G,A,NODE_0000044,USA/WA-UW47/2020
6317,C,T,NODE_0000044,USA/WA-UW32/2020
9693,C,T,NODE_0000044,USA/WA-UW32/2020
2153,T,A,NODE_0000044,USA/WA-UW50/2020
3889,A,G,NODE_0000044,USA/WA-UW50/2020
27167,C,T,NODE_0000044,USA/WA-UW50/2020
260,G,C,NODE_0000044,USA/WA-UW19/2020
261,G,C,NODE_0000044,USA/WA-UW19/2020
25731,C,T,NODE_0000044,USA/WA-UW19/2020
10632,C,T,NODE_0000044,USA/WA-UW45/2020
13686,T,A,NODE_0000044,USA/WA-UW45/2020
13687,G,T,NODE_0000044,USA/WA-UW45/2020
13693,A,T,NODE_0000044,USA/WA-UW45/2020
14432,G,A,NODE_0000044,USA/WA-UW45/2020
16242,T,C,NODE_0000044,USA/WA-UW64/2020
29628,G,T,NODE_0000044,USA/WA-UW64/2020
1102,C,T,USA/MN3-MDH3/2020_travel_history,USA/MN3-MDH3/2020
21147,T,C,USA/MN3-MDH3/2020_travel_history,USA/MN3-MDH3/2020
21147,T,C,NODE_0000789,China/Shanghai/SH0037
21386,C,T,USA/MN3-MDH3/2020_travel_history,USA/MN3-MDH3/2020
22432,C,T,USA/MN3-MDH3/2020_travel_history,USA/MN3-MDH3/2020
29837,C,A,USA/MN3-MDH3/2020_travel_history,USA/MN3-MDH3/2020
7798,G,T,NODE_0000044,NODE_0000083
7798,G,T,NODE_0000509,Germany/NRW-10/2020
20148,C,T,NODE_0000044,NODE_0000083
20148,C,T,NODE_0000336,NODE_0000337
27384,T,C,NODE_0000044,NODE_0000109
27384,T,C,NODE_0000552,England/20102000106/2020
8083,G,T,NODE_0000109,USA/WA-UW55/2020
29736,G,T,NODE_0000044,NODE_0000077
150,T,C,NODE_0000044,NODE_0000091
153,T,G,NODE_0000044,NODE_0000091
3635,A,G,NODE_0000091,USA/WA-UW42/2020
15849,T,C,NODE_0000091,USA/WA-UW42/2020
5860,T,C,NODE_0000091,USA/WA-UW28/2020
5860,T,C,NODE_0000159,USA/WA-UW66/2020
26530,A,G,NODE_0000091,USA/WA-UW30/2020
26530,A,G,NODE_0000269,NODE_0000323
26530,A,G,NODE_0000251,NODE_0000252
29422,G,A,NODE_0000091,USA/WA-UW30/2020
29422,G,T,Switzerland/1000477377/2020_travel_history,Switzerland/1000477377/2020
6310,C,T,NODE_0000044,NODE_0000095
27327,G,T,NODE_0000044,NODE_0000095
5784,C,T,NODE_0000044,NODE_0000112
3406,A,C,NODE_0000112,USA/WA8-UW5/2020
23525,C,T,NODE_0000112,USA/WA8-UW5/2020
23525,C,T,NODE_0000356,Guangdong/DG-S2-P0054/2020
9836,C,T,NODE_0000112,USA/WA-UW72/2020
28344,C,T,NODE_0000112,USA/WA-UW72/2020
28344,C,A,NODE_0000438,NODE_0000477
20580,G,T,NODE_0000112,USA/WA9-UW6/2020
26730,G,A,NODE_0000112,USA/WA9-UW6/2020
3046,A,G,NODE_0000044,NODE_0000119
16467,A,G,NODE_0000044,NODE_0000119
23185,C,T,NODE_0000044,NODE_0000119
16975,G,T,NODE_0000119,NODE_0000120
9415,T,C,NODE_0000120,USA/CA-CDPH-UC8/2020
20281,T,C,NODE_0000159,USA/WA7-UW4/2020
18099,T,A,NODE_0000159,USA/WA-UW66/2020
23758,C,T,NODE_0000160,NODE_0000082
9430,C,A,NODE_0000162,USA/WA12-UW8/2020
15080,C,T,NODE_0000162,USA/WA-UW27/2020
17158,G,A,NODE_0000111,USA/WA-UW61/2020
21380,C,T,NODE_0000111,USA/WA-UW57/2020
21575,C,T,NODE_0000113,USA/WA-UW58/2020
21575,C,T,NODE_0000350,England/20099107406/2020
12915,C,T,NODE_0000113,USA/WA-UW56/2020
24694,A,T,NODE_0000116,Australia/VIC05/2020
832,C,T,NODE_0000116,NODE_0000117
24877,A,G,NODE_0000151,USA/WA-UW75/2020
29706,G,T,Canada/BC_64686/2020_travel_history,Canada/BC_64686/2020
23010,T,C,NODE_0000152,NODE_0000097
10369,C,T,NODE_0000097,USA/WA-UW31/2020
21656,T,A,NODE_0000203,Wuhan/HBCDC-HB-01/2019
27754,G,T,NODE_0000203,China/Shanghai/SH0093
27754,G,T,NODE_0000530,Netherlands/NoordBrabant_42/2020
28851,G,T,NODE_0000203,China/Shanghai/SH0093
28851,G,T,NODE_0000401,NODE_0000516
20670,G,A,NODE_0000203,Wuhan/IVDC-HB-05/2019
20679,G,A,NODE_0000203,Wuhan/IVDC-HB-05/2019
27493,C,T,NODE_0000203,Wuhan/IVDC-HB-04/2020
28253,C,T,NODE_0000203,Wuhan/IVDC-HB-04/2020
7016,G,A,NODE_0000203,Wuhan/WIV05/2019
21137,A,G,NODE_0000203,Wuhan/WIV05/2019
21137,A,G,NODE_0000184,China/Shanghai/SH0050
274,C,T,NODE_0000203,Guangdong/2020XN4373-P0039/2020
29518,C,T,NODE_0000203,Guangdong/2020XN4373-P0039/2020
6696,C,T,NODE_0000203,China/Shanghai/SH0036
7070,G,A,NODE_0000203,China/Shanghai/SH0036
13175,A,G,NODE_0000203,China/Shanghai/SH0036
27690,A,T,NODE_0000203,China/Shanghai/SH0036
27691,A,T,NODE_0000203,China/Shanghai/SH0036
28887,C,T,NODE_0000203,China/Shanghai/SH0036
6968,C,A,NODE_0000203,Wuhan/WH01/2019
11764,T,A,NODE_0000203,Wuhan/WH01/2019
3778,A,G,NODE_0000203,Wuhan/IPBCAMS-WH-01/2019
3778,A,G,NODE_0000330,NetherlandsL/Houten_1363498/2020
3778,A,G,NODE_0000381,NODE_0000424
3778,A,G,NODE_0000529,NODE_0000553
8388,A,G,NODE_0000203,Wuhan/IPBCAMS-WH-01/2019
8987,T,A,NODE_0000203,Wuhan/IPBCAMS-WH-01/2019
6996,T,C,NODE_0000203,Wuhan/IPBCAMS-WH-03/2019
22695,A,G,NODE_0000203,China/Shanghai/SH0007
27554,T,C,NODE_0000203,China/Shanghai/SH0007
8001,A,C,NODE_0000203,Wuhan/WIV07/2019
9534,C,T,NODE_0000203,Wuhan/WIV07/2019
20692,C,T,NODE_0000203,NODE_0000704
28233,G,A,NODE_0000203,NODE_0000704
25006,C,T,NODE_0000704,China/Shanghai/SH0114
23533,C,T,NODE_0000704,China/Shanghai/SH0107
26326,C,T,NODE_0000704,China/Shanghai/SH0107
26326,C,T,NODE_0000234,USA/UPHL-01/2020
19386,C,T,NODE_0000203,NODE_0000714
22081,G,A,NODE_0000203,NODE_0000714
29483,T,G,NODE_0000203,NODE_0000714
18789,A,C,NODE_0000714,China/Shanghai/SH0020
24325,A,G,NODE_0000203,NODE_0000637
21316,G,A,NODE_0000637,Wuhan/WIV02/2019
1430,A,G,NODE_0000203,NODE_0000696
16535,G,T,NODE_0000203,NODE_0000696
18568,C,T,NODE_0000203,NODE_0000696
5155,G,A,NODE_0000696,Guangdong/2020XN4448-P0002/2020
19705,A,G,NODE_0000696,Guangdong/2020XN4448-P0002/2020
24164,G,A,NODE_0000214,China/Shanghai/SH0039
29449,G,T,NODE_0000203,NODE_0000619
29449,G,T,NODE_0000571,China/Shanghai/SH0106
8327,C,T,NODE_0000619,Australia/NSW02/2020
19176,T,G,NODE_0000619,China/Shanghai/SH0071
22314,C,A,NODE_0000619,China/Shanghai/SH0071
26380,A,T,NODE_0000619,China/Shanghai/SH0071
27534,T,A,NODE_0000619,China/Shanghai/SH0071
3885,C,A,NODE_0000619,NODE_0000621
12778,C,T,NODE_0000621,NODE_0000622
13270,T,C,NODE_0000621,NODE_0000622
23670,A,G,NODE_0000622,China/Shanghai/SH0047
28340,T,C,NODE_0000622,China/Shanghai/SH0047
6513,G,T,NODE_0000621,NODE_0000623
20335,G,A,NODE_0000621,NODE_0000623
6246,T,A,NODE_0000623,China/Shanghai/SH0085
15439,G,A,NODE_0000623,China/Shanghai/SH0085
21552,C,T,NODE_0000623,China/Shanghai/SH0085
241,C,T,NODE_0000203,NODE_0000241
3037,C,T,NODE_0000203,NODE_0000241
3037,C,T,NODE_0000235,Netherlands/NoordBrabant_5/2020
1216,T,C,NODE_0000241,China/Shanghai/SH0086
6091,C,T,NODE_0000241,China/Shanghai/SH0086
16205,A,G,NODE_0000241,China/Shanghai/SH0086
17977,C,A,NODE_0000241,China/Shanghai/SH0086
1555,C,A,NODE_0000241,China/Shanghai/SH0025
9238,A,G,NODE_0000241,China/Shanghai/SH0025
14408,C,T,NODE_0000473,NODE_0000246
14408,C,T,NODE_0000829,Netherlands/NA_35/2020
23393,C,T,NODE_0000246,Denmark/SSI-102/2020
29843,G,A,NODE_0000246,Denmark/SSI-102/2020
29845,T,A,NODE_0000246,Denmark/SSI-102/2020
29846,T,A,NODE_0000246,Denmark/SSI-102/2020
3337,A,G,Finland/FIN-25/2020_travel_history,Finland/FIN-25/2020
3741,T,C,Finland/FIN-25/2020_travel_history,Finland/FIN-25/2020
3762,T,A,Finland/FIN-25/2020_travel_history,Finland/FIN-25/2020
21985,G,A,Finland/FIN-25/2020_travel_history,Finland/FIN-25/2020
22308,T,C,Finland/FIN-25/2020_travel_history,Finland/FIN-25/2020
26187,T,C,Finland/FIN-25/2020_travel_history,Finland/FIN-25/2020
4255,G,T,NODE_0000246,NODE_0000264
4255,G,A,NODE_0000258,NODE_0000744
5284,C,T,NODE_0000246,NODE_0000264
5284,C,T,NODE_0000164,Guangdong/GD2020227-P0029/2020
16456,T,G,NODE_0000246,NODE_0000264
20051,C,T,NODE_0000246,NODE_0000264
24117,C,T,NODE_0000264,NODE_0000265
2527,G,T,NODE_0000246,NODE_0000279
6428,C,T,NODE_0000246,NODE_0000279
25575,A,C,NODE_0000246,NODE_0000279
4205,G,A,NODE_0000279,Netherlands/Utrecht_1363564/2020
13402,T,G,NODE_0000246,NODE_0000336
13402,T,G,NODE_0000437,Belgium/QKJ-03015/2020
24389,A,C,Belgium/BM-03012/2020_travel_history,Belgium/BM-03012/2020
24389,A,C,NODE_0000375,Belgium/BA-02291/2020
24389,A,C,NODE_0000381,Belgium/BC-03016/2020
24390,G,C,Belgium/BM-03012/2020_travel_history,Belgium/BM-03012/2020
24390,G,C,NODE_0000337,Belgium/VAG-03013/2020
24390,G,C,NODE_0000375,Belgium/BA-02291/2020
24390,G,C,NODE_0000381,Belgium/BC-03016/2020
13408,T,G,NODE_0000336,NODE_0000337
13408,G,A,NODE_0000337,Belgium/VLM-03011/2020
28826,C,T,NODE_0000336,NODE_0000337
28826,C,T,NODE_0000382,China/Shanghai/SH0027
5322,T,A,NODE_0000337,Belgium/VLM-03011/2020
5325,A,T,NODE_0000337,Belgium/VLM-03011/2020
23116,A,T,NODE_0000337,Belgium/VLM-03011/2020
6990,C,T,NODE_0000246,NODE_0000326
19545,C,A,NODE_0000326,Wales/PHW06/2020
19546,T,G,NODE_0000326,Wales/PHW06/2020
19547,C,T,NODE_0000326,Wales/PHW06/2020
19548,A,T,NODE_0000326,Wales/PHW06/2020
19549,G,T,NODE_0000326,Wales/PHW06/2020
19550,C,G,NODE_0000326,Wales/PHW06/2020
5144,C,A,NODE_0000326,Wales/PHW13/2020
12553,G,T,NODE_0000326,Wales/PHW13/2020
12560,C,T,NODE_0000326,Wales/PHW13/2020
29462,G,T,NODE_0000326,Wales/PHW13/2020
21482,T,C,NODE_0000493,Wales/PHW10/2020
1059,C,T,NODE_0000246,NODE_0000355
1059,C,T,NODE_0000733,NODE_0000771
6825,A,C,NODE_0000355,NODE_0000362
13358,C,T,NODE_0000355,NODE_0000362
25563,G,T,NODE_0000362,Netherlands/NA/20/2020
25563,G,T,NODE_0000355,NODE_0000363
25563,G,T,NODE_0000274,NODE_0000313
5348,C,T,NODE_0000363,France/HF1986/2020
8651,A,G,NODE_0000363,France/HF1986/2020
25046,C,G,NODE_0000363,France/HF1986/2020
12049,C,T,NODE_0000363,France/PL1643/2020
13521,T,C,NODE_0000363,France/PL1643/2020
1302,C,T,NODE_0000363,Denmark/SSI-104/2020
18656,C,T,NODE_0000363,Denmark/SSI-104/2020
2003,C,T,NODE_0000363,France/HF1871/2020
10582,C,T,NODE_0000363,France/HF1871/2020
27059,C,T,NODE_0000363,France/HF1871/2020
20766,A,G,NODE_0000363,NODE_0000370
15213,A,G,NODE_0000370,France/HF1989/2020
26199,G,T,NODE_0000370,France/HF1989/2020
1666,T,C,NODE_0000363,NODE_0000375
22935,A,G,NODE_0000375,Belgium/BA-02291/2020
23118,A,C,NODE_0000375,Belgium/BA-02291/2020
24383,A,G,NODE_0000375,Belgium/BA-02291/2020
23520,C,T,NODE_0000518,France/HF2039/2020
25414,T,C,NODE_0000520,Netherlands/NA_30/2020
379,C,A,NODE_0000520,NODE_0000378
28857,G,A,NODE_0000524,France/IDF2075/2020
29553,G,A,NODE_0000526,NODE_0000379
16393,C,T,NODE_0000261,Wales/PHW27/2020
22583,G,A,NODE_0000261,Wales/PHW27/2020
27366,G,T,NODE_0000261,Wales/PHW27/2020
13862,C,T,NODE_0000263,Switzerland/GE4984/2020
28836,C,T,NODE_0000263,Switzerland/GE4984/2020
1594,C,T,NODE_0000263,NODE_0000341
11109,C,T,NODE_0000263,NODE_0000341
1457,C,T,NODE_0000341,Netherlands/NA/28/2020
20398,G,A,NODE_0000323,Switzerland/AG0361/2020
187,A,G,NODE_0000269,NODE_0000330
10728,C,T,NODE_0000330,France/N1620/2020
6956,A,C,NODE_0000330,Italy/UniSR1/2020
28739,G,T,NODE_0000274,NODE_0000251
19484,C,T,NODE_0000491,Netherlands/NoordBrabant_4/2020
19484,C,T,Canada/BC_69243/2020_travel_history,Canada/BC_69243/2020
19484,C,T,NODE_0000255,NODE_0000766
7063,C,T,NODE_0000491,Netherlands/NoordBrabant_17/2020
24956,A,G,NODE_0000499,France/HF1805/2020
18877,C,T,NODE_0000499,Taiwan/NTU03/2020
2416,C,T,NODE_0000313,NODE_0000315
12745,A,G,NODE_0000315,France/HF2174/2020
20234,C,T,NODE_0000315,France/HF2174/2020
12722,T,C,NODE_0000315,France/HF1995/2020
19884,C,T,NODE_0000315,France/HF1993/2020
210,G,T,NODE_0000315,France/GE1977/2020
210,G,T,NODE_0000280,Netherlands/NA/21/2020
24378,C,T,NODE_0000315,France/GE1977/2020
24378,C,T,Switzerland/1000477102/2020_travel_history,Switzerland/1000477102/2020
29543,G,T,NODE_0000315,France/GE1977/2020
29543,G,T,Canada/BC_65034/2020_travel_history,Canada/BC_65034/2020
6975,G,T,NODE_0000285,England/20100022706/2020
6977,G,A,NODE_0000285,England/20100022706/2020
22865,G,T,NODE_0000285,Finland/FIN03032020A/2020
29585,C,T,NODE_0000285,Finland/FIN03032020A/2020
24077,G,T,NODE_0000302,NODE_0000350
29769,C,T,NODE_0000538,Ireland/Limerick-19934/2020
8072,A,G,NODE_0000538,Belgium/SH-03014/2020
514,T,C,NODE_0000539,Netherlands/NoordBrabant_1/2020
514,T,C,NODE_0000194,Netherlands/NoordBrabant_47/2020
514,T,C,NODE_0000439,NODE_0000529
29144,C,T,NODE_0000539,Portugal/CV63/2020
29144,C,T,NODE_0000529,Netherlands/Utrecht_19/2020
3145,G,T,NODE_0000542,Netherlands/ZuidHolland_17/2020
3145,G,T,NODE_0000414,Netherlands/NoordHolland_2/2020
3145,G,T,NODE_0000438,NODE_0000496
3145,G,T,NODE_0000483,Netherlands/ZuidHolland_18/2020
3145,G,T,NODE_0000733,Netherlands/ZuidHolland_16/2020
3145,G,T,NODE_0000507,Netherlands/ZuidHolland_21/2020
3011,T,C,NODE_0000542,NODE_0000249
24862,A,G,NODE_0000548,NODE_0000294
27870,G,T,NODE_0000294,Netherlands/NA_31/2020
29477,G,T,NODE_0000294,Netherlands/NA_31/2020
658,T,C,NODE_0000294,Netherlands/ZuidHolland_31/2020
28629,C,T,NODE_0000294,Netherlands/ZuidHolland_31/2020
15324,C,T,NODE_0000548,NODE_0000298
15324,C,T,NODE_0000383,NODE_0000626
16428,C,T,NODE_0000298,France/HF1870/2020
3728,G,T,NODE_0000298,France/BFC2094/2020
13051,C,T,NODE_0000298,France/BFC2147/2020
17835,T,C,NODE_0000562,England/20110003506/2020
23575,C,T,NODE_0000561,NODE_0000351
23587,G,C,NODE_0000351,NODE_0000352
25350,C,T,NODE_0000565,NODE_0000284
20434,G,T,NODE_0000284,NODE_0000288
26858,C,T,NODE_0000284,NODE_0000288
7420,C,T,NODE_0000577,NorthernIreland/HSCNI01/2020
7420,C,T,NODE_0000612,Jiangsu/JS02/2020
20268,A,G,NODE_0000577,NODE_0000345
20275,G,A,NODE_0000583,Netherlands/NA/16/2020
18814,C,T,NODE_0000583,USA/CA-PC101P/2020
28881,G,A,NODE_0000246,NODE_0000381
28882,G,A,NODE_0000246,NODE_0000381
28883,G,C,NODE_0000246,NODE_0000381
12733,C,T,NODE_0000381,Scotland/CVR01/2020
27752,C,T,NODE_0000381,Scotland/CVR01/2020
957,G,A,Nigeria/Lagos01/2020_travel_history,Nigeria/Lagos01/2020
24726,C,T,NODE_0000381,Scotland/EDB007/2020
29540,G,T,NODE_0000381,Scotland/EDB007/2020
13206,C,G,Mexico/CDMX-InDRE_01/2020_travel_history,Mexico/CDMX-InDRE_01/2020
11842,G,A,NODE_0000381,England/200990723/2020
25187,T,C,NODE_0000381,Netherlands/ZuidHolland_28/2020
28300,G,T,NODE_0000381,Netherlands/ZuidHolland_28/2020
13503,G,T,NODE_0000381,NODE_0000389
13176,C,T,NODE_0000381,NODE_0000409
2106,C,T,NODE_0000424,Netherlands/Diemen_1363454/2020
24079,T,A,NODE_0000424,Netherlands/Diemen_1363454/2020
29148,T,C,NODE_0000424,Netherlands/Diemen_1363454/2020
29148,T,C,NODE_0000381,NODE_0000428
13947,A,T,NODE_0000381,NODE_0000437
10265,G,A,NODE_0000381,NODE_0000400
959,C,T,Switzerland/1000477757/2020_travel_history,Switzerland/1000477757/2020
3373,C,A,NODE_0000381,NODE_0000412
10834,C,T,NODE_0000428,Switzerland/GE1422/2020
313,C,T,NODE_0000381,NODE_0000403
313,C,T,Canada/BC_13297/2020_travel_history,Canada/BC_13297/2020
26945,A,T,NODE_0000403,Brazil/BA-312/2020
22168,A,C,Switzerland/1000477797/2020_travel_history,Switzerland/1000477797/2020
4002,C,T,NODE_0000381,NODE_0000431
10097,G,A,NODE_0000381,NODE_0000431
13536,C,T,NODE_0000381,NODE_0000431
23731,C,T,NODE_0000381,NODE_0000431
19839,T,C,NODE_0000381,NODE_0000414
6861,C,T,NODE_0000414,Switzerland/BE6651/2020
25088,G,T,Brazil/SPBR-14/2020_travel_history,Brazil/SPBR-14/2020
29362,C,T,NODE_0000631,Netherlands/ZuidHolland_13/2020
12357,C,T,NODE_0000633,Switzerland/TI2045/2020
12357,C,T,NODE_0000748,Australia/VIC04/2020
3393,C,T,NODE_0000633,Chile/Santiago-2/2020
18029,C,T,NODE_0000635,Netherlands/NA/2/2020
27046,C,T,NODE_0000381,NODE_0000438
29807,T,C,Finland/FIN03032020C/2020_travel_history,Finland/FIN03032020C/2020
3955,G,T,NODE_0000438,Scotland/EDB006/2020
15407,C,T,NODE_0000438,Netherlands/Utrecht_1/2020
1149,G,T,NODE_0000438,Finland/FIN-318/2020
9049,G,T,NODE_0000438,Netherlands/Limburg_5/2020
8051,A,G,NODE_0000438,Netherlands/Eindhoven_1363782/2020
15940,C,T,NODE_0000438,Netherlands/Utrecht_14/2020
25855,G,T,NODE_0000438,Netherlands/NA/25/2020
23876,G,C,NODE_0000438,Netherlands/ZuidHolland_2/2020
10741,C,T,NODE_0000477,NODE_0000478
10741,C,T,NODE_0000270,England/200960515/2020
2507,C,T,NODE_0000496,Netherlands/ZuidHolland_20/2020
11438,A,G,NODE_0000438,NODE_0000483
22277,C,A,NODE_0000438,NODE_0000487
23635,C,T,NODE_0000487,Finland/FIN-313/2020
29290,G,T,NODE_0000487,NODE_0000489
679,C,T,NODE_0000732,Guangdong/FS-S48-P0047/2020
12618,A,G,NODE_0000732,Guangdong/FS-S48-P0047/2020
25916,C,A,NODE_0000732,Guangdong/FS-S48-P0047/2020
871,A,G,NODE_0000732,NODE_0000781
3027,A,G,NODE_0000732,NODE_0000781
3787,C,T,NODE_0000732,NODE_0000781
11448,A,G,NODE_0000781,China/Shanghai/SH0068
26518,T,G,NODE_0000781,China/Shanghai/SH0068
1190,C,T,NODE_0000732,NODE_0000776
9438,C,T,NODE_0000732,NODE_0000776
26333,C,T,NODE_0000776,China/Shanghai/SH0045
29413,A,G,NODE_0000776,China/Shanghai/SH0045
29635,C,T,NODE_0000227,NODE_0000784
29841,G,A,NODE_0000230,NODE_0000231
24372,C,T,NODE_0000231,England/Sheff02/2020
29779,G,C,NODE_0000231,England/Sheff02/2020
29366,C,T,NODE_0000234,HongKong/case78_VM20002849/2020
1570,T,C,NODE_0000235,Netherlands/NoordBrabant_5/2020
1570,T,C,NODE_0000813,NODE_0000828
1397,G,A,NODE_0000732,NODE_0000733
28688,T,C,NODE_0000732,NODE_0000733
7299,C,T,NODE_0000733,Shandong/IVDC-SD-001/2020
27612,C,G,NODE_0000733,Shandong/IVDC-SD-001/2020
1805,G,A,NODE_0000733,China/Shanghai/SH0070
29670,C,T,NODE_0000733,China/Shanghai/SH0070
20235,C,A,NODE_0000733,Netherlands/ZuidHolland_16/2020
20787,T,C,NODE_0000733,Netherlands/ZuidHolland_16/2020
22042,T,C,NODE_0000733,Netherlands/ZuidHolland_16/2020
28835,T,C,NODE_0000733,Netherlands/ZuidHolland_16/2020
11709,T,A,NODE_0000733,Wuhan/HBCDC-HB-05/2020
19083,G,A,NODE_0000733,China/Shanghai/SH0081
20753,A,G,NODE_0000733,China/Shanghai/SH0081
21424,G,A,NODE_0000733,China/Shanghai/SH0081
26910,A,C,NODE_0000733,China/Shanghai/SH0081
6344,G,A,NODE_0000733,Guangdong/DG-S41-P0056/2020
9967,C,T,NODE_0000733,Guangdong/DG-S41-P0056/2020
9967,C,T,NODE_0000340,Guangdong/GD2020115-P0009/2020
24812,G,T,NODE_0000733,Guangdong/DG-S41-P0056/2020
25889,C,T,NODE_0000733,Guangdong/DG-S41-P0056/2020
17502,C,T,NODE_0000733,NODE_0000746
2570,C,T,NODE_0000746,China/Shanghai/SH0080
9333,C,T,NODE_0000746,China/Shanghai/SH0080
11032,T,C,NODE_0000746,China/Shanghai/SH0080
12073,C,T,NODE_0000746,China/Shanghai/SH0080
5869,C,T,NODE_0000746,NODE_0000747
19518,G,T,NODE_0000746,NODE_0000747
25207,C,T,NODE_0000746,NODE_0000747
9474,C,T,NODE_0000747,China/Shanghai/SH0125
11074,C,T,NODE_0000733,NODE_0000769
11074,C,T,NODE_0000771,Taiwan/CGMH-CGU-04/2020
11074,C,T,Canada/BC_25211/2020_travel_history,Canada/BC_25211/2020
29374,G,A,NODE_0000769,Australia/QLD09/2020
29374,G,A,NODE_0000260,NODE_0000741
10323,A,G,NODE_0000769,NODE_0000770
23934,C,T,NODE_0000733,NODE_0000771
28648,T,C,NODE_0000733,NODE_0000771
5053,A,G,NODE_0000771,Taiwan/CGMH-CGU-04/2020
21319,G,A,NODE_0000771,Taiwan/CGMH-CGU-04/2020
9514,A,G,NODE_0000733,NODE_0000761
3242,G,A,USA/NY1-PV08001/2020_travel_history,USA/NY1-PV08001/2020
25214,C,T,USA/NY1-PV08001/2020_travel_history,USA/NY1-PV08001/2020
29027,G,T,USA/NY1-PV08001/2020_travel_history,USA/NY1-PV08001/2020
9479,G,T,NODE_0000761,NODE_0000762
9931,T,C,NODE_0000761,NODE_0000762
3263,A,G,NODE_0000762,England/200990002/2020
8981,A,G,NODE_0000762,England/200990002/2020
8880,C,T,Germany/BavPat2/2020_travel_history,Germany/BavPat2/2020
884,C,T,NODE_0000733,NODE_0000748
8653,G,T,NODE_0000733,NODE_0000748
13506,C,T,NODE_0000748,Australia/VIC04/2020
10029,C,T,NODE_0000748,Georgia/Tb-82/2020
11067,C,T,NODE_0000748,Georgia/Tb-82/2020
20825,C,A,NODE_0000748,Georgia/Tb-82/2020
1825,C,T,Canada/BC_25211/2020_travel_history,Canada/BC_25211/2020
7735,C,T,Canada/BC_25211/2020_travel_history,Canada/BC_25211/2020
14178,C,T,Canada/BC_25211/2020_travel_history,Canada/BC_25211/2020
25980,A,C,Canada/BC_25211/2020_travel_history,Canada/BC_25211/2020
835,C,T,NODE_0000748,NODE_0000754
23426,G,A,NODE_0000748,NODE_0000754
28457,G,A,NODE_0000748,NODE_0000756
29627,C,T,NODE_0000748,NODE_0000756
24904,C,T,Australia/NSW06/2020_travel_history,Australia/NSW06/2020
18697,G,A,NODE_0000254,Australia/VIC06/2020
24386,G,T,NODE_0000254,Australia/VIC06/2020
29625,C,T,NODE_0000254,Australia/VIC06/2020
761,A,G,Canada/BC_17397/2020_travel_history,Canada/BC_17397/2020
23673,C,T,Canada/BC_17397/2020_travel_history,Canada/BC_17397/2020
20238,G,T,Canada/BC_13297/2020_travel_history,Canada/BC_13297/2020
12249,C,T,NODE_0000258,England/200960041/2020
21658,C,T,NODE_0000258,England/200960041/2020
20047,A,G,NODE_0000258,NODE_0000744
2113,C,T,Australia/NSW13/2020_travel_history,Australia/NSW13/2020
18928,C,T,Australia/NSW13/2020_travel_history,Australia/NSW13/2020
25618,G,A,NewZealand/01/2020_travel_history,NewZealand/01/2020
26144,G,T,NODE_0000732,NODE_0000789
26144,G,T,NODE_0000594,NODE_0000209
3645,A,T,NODE_0000789,China/Shanghai/SH0037
8636,A,G,NODE_0000789,China/Shanghai/SH0037
23607,G,A,NODE_0000789,Hangzhou/ZJU-01/2020
1866,A,G,NODE_0000789,Wuhan/WH05/2020
3563,G,A,NODE_0000789,Wuhan/WH05/2020
915,A,G,NODE_0000266,NODE_0000792
10319,C,T,NODE_0000792,Georgia/Tb-468/2020
2446,T,C,USA/WA3-UW1/2020_travel_history,USA/WA3-UW1/2020
3411,C,T,USA/WA3-UW1/2020_travel_history,USA/WA3-UW1/2020
5572,G,T,USA/WA3-UW1/2020_travel_history,USA/WA3-UW1/2020
2480,A,G,NODE_0000796,NODE_0000803
17010,C,A,NODE_0000803,USA/NY-NYUMC1/2020
2558,C,T,NODE_0000803,NODE_0000804
2918,C,T,NODE_0000804,Scotland/CVR07/2020
5340,C,T,NODE_0000804,Scotland/CVR07/2020
4423,C,T,NODE_0000276,Brazil/ES-225/2020
26994,C,T,NODE_0000276,NODE_0000809
1981,A,G,Canada/BC_78548/2020_travel_history,Canada/BC_78548/2020
21072,T,C,NODE_0000278,NODE_0000805
23707,C,T,NODE_0000552,England/20102000106/2020
29405,G,C,NODE_0000270,NODE_0000800
17247,T,C,NODE_0000568,NODE_0000813
26894,C,T,Switzerland/1000477102/2020_travel_history,Switzerland/1000477102/2020
2388,C,T,Brazil/SPBR-02/2020_travel_history,Brazil/SPBR-02/2020
1515,A,G,NODE_0000813,Scotland/CVR10/2020
21625,A,G,NODE_0000813,Scotland/CVR10/2020
15535,G,T,NODE_0000813,Netherlands/ZuidHolland_8/2020
23926,T,C,NODE_0000813,Netherlands/NoordBrabant_6/2020
12820,A,G,NODE_0000813,Netherlands/Utrecht_18/2020
13119,C,T,NODE_0000813,Netherlands/Utrecht_18/2020
13078,T,C,NODE_0000813,Netherlands/NA/29/2020
14653,G,T,NODE_0000813,Netherlands/NA/29/2020
1188,C,T,NODE_0000828,Netherlands/NoordBrabant_23/2020
21462,T,C,NODE_0000828,NODE_0000829
16188,G,T,NODE_0000209,Taiwan/2/2020
25964,A,G,NODE_0000209,Taiwan/2/2020
19065,T,C,Australia/VIC01/2020_travel_history,Australia/VIC01/2020
22303,T,G,Australia/VIC01/2020_travel_history,Australia/VIC01/2020
2717,G,A,NODE_0000209,Sweden/01/2020
9274,A,G,NODE_0000209,Sweden/01/2020
13225,C,G,NODE_0000209,Sweden/01/2020
13226,T,C,NODE_0000209,Sweden/01/2020
17376,A,G,NODE_0000209,Sweden/01/2020
23952,T,G,NODE_0000209,Sweden/01/2020
12473,C,T,NODE_0000209,China/Shanghai/SH0112
12473,C,T,NODE_0000571,Guangdong/GD2020080-P0010/2020
12473,C,T,NODE_0000367,NODE_0000681
15714,C,T,NODE_0000209,China/Shanghai/SH0112
22333,T,C,NODE_0000209,China/Shanghai/SH0112
26640,G,T,NODE_0000209,NODE_0000217
26677,T,C,NODE_0000209,NODE_0000217
2707,A,G,NODE_0000217,SouthKorea/KUMC02/2020
21853,G,A,NODE_0000209,NODE_0000228
3924,C,T,NODE_0000228,China/Shanghai/SH0098
6473,G,A,NODE_0000228,China/Shanghai/SH0098
6482,G,T,NODE_0000228,China/Shanghai/SH0098
17000,C,T,USA/CA2/2020_travel_history,USA/CA2/2020
13929,T,C,NODE_0000200,NODE_0000233
23717,A,G,NODE_0000233,HongKong/case42_VM20002493/2020
29239,G,T,NODE_0000233,HongKong/case42_VM20002493/2020
25500,G,A,NODE_0000202,HongKong/case52_VM20002582/2020
1595,G,A,NODE_0000233,NODE_0000237
9962,C,T,NODE_0000233,NODE_0000237
11704,C,T,NODE_0000233,NODE_0000237
14724,C,T,NODE_0000233,NODE_0000237
21584,T,G,NODE_0000233,NODE_0000237
6567,A,G,NODE_0000237,canine/HongKong/20-02756/2020
18950,A,G,NODE_0000237,canine/HongKong/20-02756/2020
29730,C,T,NODE_0000237,canine/HongKong/20-02756/2020
3790,A,G,Canada/BC_35720/2020_travel_history,Canada/BC_35720/2020
7156,T,A,NODE_0000212,China/Shanghai/SH0056
7178,G,C,NODE_0000212,China/Shanghai/SH0056
5508,T,C,NODE_0000213,Australia/VIC02/2020
17596,G,A,NODE_0000216,China/Shanghai/SH0040
21859,C,T,NODE_0000216,Singapore/8/2020
22787,C,G,NODE_0000220,Guangdong/GD2020087-P0008/2020
10138,C,T,NODE_0000220,NODE_0000229
2487,T,A,NODE_0000229,China/Shanghai/SH0127
17373,C,T,NODE_0000617,NODE_0000591
17373,C,T,NODE_0000642,Guangdong/FS-S42-P0046/2020
5239,C,T,NODE_0000591,China/Shanghai/SH0109
28830,C,A,NODE_0000591,China/Shanghai/SH0109
2801,G,A,NODE_0000591,China/Shanghai/SH0066
2814,A,C,NODE_0000591,China/Shanghai/SH0066
7147,T,C,NODE_0000591,China/Shanghai/SH0066
29774,C,T,NODE_0000591,China/Shanghai/SH0066
2277,T,C,India/1-27/2020_travel_history,India/1-27/2020
6695,C,T,India/1-27/2020_travel_history,India/1-27/2020
14657,C,T,India/1-27/2020_travel_history,India/1-27/2020
22785,G,T,India/1-27/2020_travel_history,India/1-27/2020
6819,G,T,NODE_0000591,NODE_0000598
29527,G,A,NODE_0000591,NODE_0000598
19610,C,T,NODE_0000598,China/IQTC02/2020
3431,G,T,NODE_0000598,Guangdong/SZ-N59-P0049/2020
18462,G,A,NODE_0000598,Guangdong/SZ-N59-P0049/2020
22016,T,G,NODE_0000598,China/Shanghai/SH0048
12896,C,T,NODE_0000591,NODE_0000603
1349,C,T,NODE_0000603,China/Shanghai/SH0091
17975,A,G,NODE_0000603,China/Shanghai/SH0091
13780,A,G,NODE_0000603,China/Shanghai/SH0072
29755,G,A,NODE_0000189,Fujian/13/2020
13679,A,G,NODE_0000193,Singapore/11/2020
16065,G,T,NODE_0000194,Netherlands/NoordBrabant_47/2020
28854,C,T,NODE_0000640,NODE_0000578
3518,G,T,USA/MA1/2020_travel_history,USA/MA1/2020
17423,A,G,USA/MA1/2020_travel_history,USA/MA1/2020
27577,C,T,NODE_0000179,Shenzhen/SZTH-003/2020
28291,C,T,NODE_0000179,Foshan/20SF207/2020
5084,A,G,NODE_0000578,NODE_0000581
4463,T,C,NODE_0000581,China/Shanghai/SH0058
4596,C,T,NODE_0000581,China/Shanghai/SH0058
7144,T,A,NODE_0000581,China/Shanghai/SH0058
8800,T,C,NODE_0000581,China/Shanghai/SH0058
2256,T,A,NODE_0000581,China/Shanghai/SH0052
2274,A,G,NODE_0000581,China/Shanghai/SH0052
2289,T,G,NODE_0000581,China/Shanghai/SH0052
2495,G,A,NODE_0000581,China/Shanghai/SH0052
8668,C,T,NODE_0000581,China/Shanghai/SH0052
26261,C,T,Canada/ON-VIDO-01/2020_travel_history,Canada/ON-VIDO-01/2020
614,G,A,NODE_0000182,NODE_0000586
21707,C,T,NODE_0000652,NODE_0000612
3860,G,A,NODE_0000612,Jiangsu/JS02/2020
13571,G,T,NODE_0000612,Jiangsu/JS02/2020
26211,G,T,NODE_0000612,Jiangsu/JS02/2020
203,C,T,NODE_0000612,China/Shanghai/SH0008
14889,C,T,NODE_0000612,China/Shanghai/SH0008
26533,C,T,NODE_0000612,China/Shanghai/SH0008
2091,C,T,USA/CA5/2020_travel_history,USA/CA5/2020
26370,C,T,NODE_0000693,NODE_0000527
7936,G,A,NODE_0000527,China/Shanghai/SH0104
9342,T,C,NODE_0000527,China/Shanghai/SH0104
11008,C,T,NODE_0000527,China/Shanghai/SH0104
19001,T,C,NODE_0000527,China/Shanghai/SH0104
20001,T,G,NODE_0000527,China/Shanghai/SH0104
1170,C,T,NODE_0000164,Guangdong/GD2020227-P0029/2020
18114,A,G,NODE_0000164,Guangdong/GDSZ202004-P0004/2020
26388,C,T,NODE_0000164,Guangdong/GDSZ202004-P0004/2020
11782,A,G,NODE_0000697,NODE_0000571
16308,C,T,NODE_0000571,China/Shanghai/SH0106
16949,C,T,NODE_0000571,China/Shanghai/SH0106
23236,G,T,NODE_0000571,China/Shanghai/SH0106
186,C,T,NODE_0000301,NODE_0000648
1734,C,T,NODE_0000648,Guangzhou/GZMU0030/2020
26458,G,T,NODE_0000648,Guangzhou/GZMU0030/2020
3768,C,T,NODE_0000307,NODE_0000716
25919,C,T,NODE_0000716,Jiangsu/JS01/2020
29732,C,T,NODE_0000716,Jiangsu/JS01/2020
16474,A,G,NODE_0000310,China/Shanghai/SH0031
9034,A,G,Taiwan/NTU02/2020_travel_history,Taiwan/NTU02/2020
9491,C,T,Taiwan/NTU02/2020_travel_history,Taiwan/NTU02/2020
8274,G,A,NODE_0000320,Jiangxi/IVDC-JX-002/2020
16846,G,T,NODE_0000322,Hangzhou/ZJU-03/2020
27147,G,C,NODE_0000322,NODE_0000686
9442,C,T,NODE_0000324,NODE_0000611
25209,T,C,NODE_0000324,NODE_0000611
20270,C,T,NODE_0000324,NODE_0000206
29683,A,T,NODE_0000324,NODE_0000206
431,G,A,NODE_0000206,Wales/PHW35/2020
28725,C,T,NODE_0000206,Wales/PHW35/2020
21724,G,T,NODE_0000206,Wales/PHW38/2020
25906,G,T,NODE_0000206,Wales/PHW38/2020
6163,T,A,NODE_0000329,Netherlands/NoordBrabant_60/2020
12923,C,A,NODE_0000329,Netherlands/NoordBrabant_60/2020
13430,C,T,NODE_0000329,Netherlands/NoordBrabant_60/2020
19366,C,T,NODE_0000329,Netherlands/NoordBrabant_60/2020
28110,T,C,NODE_0000329,Netherlands/NoordBrabant_60/2020
583,C,T,NODE_0000329,Zhejiang/WZ-01/2020
28845,G,T,NODE_0000332,China/Shanghai/SH0054
12621,C,T,NODE_0000335,NODE_0000507
12068,C,T,NODE_0000507,NODE_0000508
11962,C,T,NODE_0000340,China/Shanghai/SH0121
25654,G,T,Cambodia/0012/2020_travel_history,Cambodia/0012/2020
2293,G,T,NODE_0000343,NODE_0000649
10549,G,T,NODE_0000649,China/Shanghai/SH0038
17623,G,A,NODE_0000649,China/Shanghai/SH0038
22288,T,C,NODE_0000649,China/Shanghai/SH0038
27662,A,C,NODE_0000649,China/Shanghai/SH0083
14823,A,T,NODE_0000356,China/Shanghai/SH0028
23569,T,C,NODE_0000366,Guangdong/20SF014/2020
1912,C,T,NODE_0000366,Japan/AI/I-004/2020
18512,C,T,NODE_0000366,Japan/AI/I-004/2020
18512,C,T,NODE_0000376,Guangdong/MM-S1-P0048/2020
9437,A,T,NODE_0000681,China/Shanghai/SH0060
25047,C,T,NODE_0000681,China/Shanghai/SH0060
27669,A,T,NODE_0000681,China/Shanghai/SH0060
6026,C,T,NODE_0000369,Shanghai/SH01/2020
9360,C,T,NODE_0000641,Guangdong/DG-S9-P0045/2020
14340,C,A,NODE_0000641,Guangdong/DG-S9-P0045/2020
21008,C,T,NODE_0000641,Guangdong/DG-S9-P0045/2020
28178,G,T,NODE_0000641,Guangdong/DG-S9-P0045/2020
28841,A,G,NODE_0000641,Guangdong/DG-S9-P0045/2020
11514,C,T,NODE_0000641,NODE_0000642
5703,A,G,NODE_0000642,Guangdong/ZH-S33-P0058/2020
15346,C,T,NODE_0000642,Guangdong/ZH-S33-P0058/2020
16404,T,A,NODE_0000642,Guangdong/ZH-S33-P0058/2020
11447,G,A,NODE_0000374,Guangdong/JM-S1-P0062/2020
28122,G,T,NODE_0000374,Guangdong/JM-S1-P0062/2020
29013,C,T,NODE_0000376,Guangdong/MM-S1-P0048/2020
15438,G,T,NODE_0000376,Guangdong/FS-S50-P0053/2020
7239,C,T,NODE_0000382,China/Shanghai/SH0110
8916,T,G,NODE_0000382,China/Shanghai/SH0110
16887,C,T,NODE_0000382,China/Shanghai/SH0110
14676,C,T,NODE_0000382,China/Shanghai/SH0027
29303,C,T,NODE_0000383,NODE_0000626
20383,G,T,NODE_0000626,China/Shanghai/SH0053
11557,G,T,NODE_0000626,Japan/KY-V-029/2020
25810,C,G,NODE_0000626,Japan/KY-V-029/2020
24405,T,G,NODE_0000626,China/Shanghai/SH0088
5025,C,T,NODE_0000386,China/Shanghai/SH0051
25060,A,G,Singapore/1/2020_travel_history,Singapore/1/2020
26936,C,T,NODE_0000391,NODE_0000607
27883,C,T,NODE_0000391,NODE_0000607
25153,C,T,NODE_0000394,France/IDF0626/2020
1440,G,A,NODE_0000394,NODE_0000509
2891,G,A,NODE_0000394,NODE_0000509
27849,C,T,NODE_0000509,Germany/NRW-09/2020
16075,G,T,NODE_0000509,Netherlands/NA_6/2020
29383,G,T,NODE_0000509,Netherlands/NA_6/2020
7011,C,T,NODE_0000509,Netherlands/ZuidHolland_27/2020
23996,C,T,NODE_0000509,Netherlands/ZuidHolland_27/2020
22323,C,T,NODE_0000509,NODE_0000521
13494,T,C,NODE_0000521,Germany/NRW-07/2020
8422,G,A,NODE_0000521,NODE_0000523
29546,C,A,NODE_0000521,NODE_0000523
25669,C,T,NODE_0000516,NODE_0000517
25323,G,T,NODE_0000416,NODE_0000689
29032,G,A,NODE_0000416,NODE_0000694
29754,C,T,NODE_0000694,NODE_0000695
9924,C,T,NODE_0000439,NODE_0000575
15641,A,C,NODE_0000575,USA/CA-CDPH-UC2/2020
9951,C,T,NODE_0000575,USA/CA-CDPH-UC3/2020
5512,C,T,NODE_0000529,Netherlands/Utrecht_19/2020
19999,G,T,NODE_0000529,Netherlands/Utrecht_19/2020
3403,G,A,NODE_0000529,Netherlands/Limburg_6/2020
23856,G,T,NODE_0000529,Netherlands/Limburg_6/2020
4763,C,T,NODE_0000529,NODE_0000563
29392,G,T,NODE_0000563,Netherlands/NoordBrabant_12/2020
7878,T,G,NODE_0000553,Netherlands/Tilburg_1363354/2020
17410,C,T,NODE_0000553,Netherlands/Tilburg_1363354/2020
17410,C,T,NODE_0000567,Netherlands/NoordBrabant_35/2020
17410,C,T,NODE_0000449,Netherlands/NoordBrabant_27/2020
17410,C,T,NODE_0000529,NODE_0000530
16762,C,T,NODE_0000529,NODE_0000560
16762,C,T,NODE_0000567,Netherlands/NoordBrabant_32/2020
1018,G,A,NODE_0000560,Netherlands/NoordBrabant_54/2020
2198,G,A,NODE_0000564,NODE_0000567
2198,G,A,NODE_0000454,Netherlands/NoordBrabant_29/2020
10456,C,T,NODE_0000567,Netherlands/NoordBrabant_35/2020
6662,G,A,NODE_0000567,Netherlands/NoordBrabant_32/2020
16985,C,T,NODE_0000567,Netherlands/NoordBrabant_32/2020
29719,C,T,NODE_0000567,Netherlands/NoordBrabant_31/2020
25252,G,T,NODE_0000450,Netherlands/NoordBrabant_30/2020
3541,T,C,NODE_0000457,Netherlands/NoordBrabant_48/2020
9314,G,T,NODE_0000457,Netherlands/NA/22/2020
25380,C,T,NODE_0000530,Netherlands/NA_33/2020
29280,C,T,NODE_0000530,Netherlands/NA_33/2020
